Dataset,Modelo,Acurácia,Tempo (s)
Cora,GCN,0.802,2.7668683528900146
Cora,GAT,0.723,3.309067726135254
Cora,SGC,0.8,18.210094690322876
Cora,MPNN,0.748,7.285502672195435
Citeseer,GCN,0.682,6.884783983230591
Citeseer,GAT,0.67,7.511423587799072
Citeseer,SGC,0.664,54.28503775596619
Citeseer,MPNN,0.575,17.499670267105103
PubMed,GCN,0.787,7.638342618942261
PubMed,GAT,0.642,10.994585275650024
PubMed,SGC,0.777,58.02786135673523
PubMed,MPNN,0.702,17.69194483757019
