Dataset,Modelo,Acurácia,Tempo (s)
Cora,GCN,0.806,2.6890995502471924
Cora,GAT,0.739,2.8696975708007812
Cora,SGC,0.799,19.00523543357849
Cora,MPNN,0.746,5.658707857131958
Citeseer,GCN,0.681,5.666935682296753
Citeseer,GAT,0.67,6.561216831207275
Citeseer,SGC,0.663,56.355567932128906
Citeseer,MPNN,0.575,16.388527631759644
PubMed,GCN,0.791,6.985249042510986
PubMed,GAT,0.727,10.175800561904907
PubMed,SGC,0.781,56.23692274093628
PubMed,MPNN,0.701,22.109542846679688
